#set( $symbol_pound = '#' )
#set( $symbol_dollar = '$' )
#set( $symbol_escape = '\' )
<?xml version="1.0" encoding="UTF-8" standalone="yes"?>
<project>
    <logs>
	<console>
	    <level>info</level> 
	    <pattern>[%thread] %-5level %msg %n</pattern>
	</console>
	<file>
	    <name>${package}.log</name> 
	    <level>info</level> 
	    <pattern>[%thread] %-5level %msg %n</pattern>
	    <overwrite>true</overwrite>
	</file>
    </logs>
   
    <models>
	<model id="Broadwick Project">
	    <classname>App</classname>
	</model>
    </models>
</project>


