<?xml version="1.0" encoding="UTF-8" standalone="yes"?>
<project>
    <logs>
	<console>
	    <level>debug</level> 
	    <pattern>[%thread] %-5level %msg %n</pattern>
	</console>
    </logs>  
    <data>
        <databases>
            <name>sir_model_db</name>
        </databases>
    </data>
    <models>
	<model id="StochasticSIR">
	    <classname>gla.ac.uk.sir.StochasticSIRModel</classname>
	    <parameter id="maxTime" value="40906"/>
	    <parameter id="startDate" value="01/01/2001"/>
	    <parameter id="dateFormat" value="dd/MM/yyyy"/>
	    <parameter id="dateIncrement" value="14"/>
	    <parameter id="tauLeapIncrement" value="14"/>
	    <parameter id="species" value="CATTLE"/>
	    <parameter id="infectedAnimalID" value="A000000917"/>
          <parameter id="initialState1" value="SUSCEPTIBLE"/>
	    <parameter id="finalState1" value="INFECTIOUS"/>
	    <parameter id="beta" value=".0005"/>
          <parameter id="initialState2" value="INFECTIOUS"/>
	    <parameter id="finalState2" value="RECOVERED"/>
	    <parameter id="rate2" value=".0003"/>
	</model>
    </models>
</project>